Category,Label,PR_General Description and Objective of the Project to be Procured,PR_Type of the Project to be Procured,PR_Quantity and Size of the Project to be Procured,PR_Recommended Mode of Procurement,PR_Pre-Procurement Conference Applicable (Yes/No),PR_Start of Procurement Activity,PR_End of Procurement Activity,PR_Expected Delivery/Implementation Period,PR_Source of Funds,PR_Estimated Budget Allocation (Php),PR_Attached Supporting Documents,PR_Remarks,PO_General Description and Objective of the Project to be Procured,PO_Type of the Project to be Procured,PO_Quantity and Size of the Project to be Procured,PO_Recommended Mode of Procurement,PO_Pre-Procurement Conference Applicable (Yes/No),PO_Start of Procurement Activity,PO_End of Procurement Activity,PO_Expected Delivery/Implementation Period,PO_Source of Funds,PO_Estimated Budget Allocation (Php),PO_Attached Supporting Documents,PO_Remarks,PR_General_Desc,PO_General_Desc
DBM,OK,Procurement of Office Supplies,Goods,2 btls. Ink T663 magentaaa,Agency to Agency,No,January 2026,December 2026,Jan. - Dec. 2026,GF,80000,,,Procurement of Office Supplies,Goods,2 btls. Ink T663 magentaaa,Agency to Agency,No,January 2026,December 2026,Jan. - Dec. 2026,GF,80000,,,Procurement of Office Supplies | Goods | 2 btls. Ink T663 magentaaa | Agency to Agency | No | January 2026 | December 2026 | Jan. - Dec. 2026 | GF | 80000 | DBM,Procurement of Office Supplies | Goods | 2 btls. Ink T663 magentaaa | Agency to Agency | No | January 2026 | December 2026 | Jan. - Dec. 2026 | GF | 80000 | DBM | Procurement of Office Supplies | Goods | 2 btls. Ink T663 magentaaa | Agency to Agency | No | January 2026 | December 2026 | Jan. - Dec. 2026 | GF | 80000 | DBM
DBM,OK,Procurement of Office Supplies,Goods,2 btls. Ink T664 yellow,Agency to Agency,No,January 2026,December 2026,Jan. - Dec. 2026,GF,0,,,Procurement of Office Supplies,Goods,2 btls. Ink T664 yellow,Agency to Agency,No,January 2026,December 2026,Jan. - Dec. 2026,GF,0,,,Procurement of Office Supplies | Goods | 2 btls. Ink T664 yellow | Agency to Agency | No | January 2026 | December 2026 | Jan. - Dec. 2026 | GF | 0 | DBM,Procurement of Office Supplies | Goods | 2 btls. Ink T664 yellow | Agency to Agency | No | January 2026 | December 2026 | Jan. - Dec. 2026 | GF | 0 | DBM | Procurement of Office Supplies | Goods | 2 btls. Ink T664 yellow | Agency to Agency | No | January 2026 | December 2026 | Jan. - Dec. 2026 | GF | 0 | DBM
DBM,Discrepancy,Procurement of Office Supplies,GoodsD,2 rolls Masking Tape 2 inchesss,Agency to Agency,No,January 2026,December 2026,Jan. - Dec. 2026,GF,0,,,Procurement of Office Supplies,GoodsD updated,2 rolls Masking Tape 2 inchesss updated,Agency to Agency,No,January 2026,December 2026 updated,Jan. - Dec. 2026,GF,0,,,Procurement of Office Supplies | GoodsD | 2 rolls Masking Tape 2 inchesss | Agency to Agency | No | January 2026 | December 2026 | Jan. - Dec. 2026 | GF | 0 | DBM,Procurement of Office Supplies | GoodsD updated | 2 rolls Masking Tape 2 inchesss updated | Agency to Agency | No | January 2026 | December 2026 updated | Jan. - Dec. 2026 | GF | 0 | DBM | Procurement of Office Supplies | GoodsD | 2 rolls Masking Tape 2 inchesss | Agency to Agency | No | January 2026 | December 2026 | Jan. - Dec. 2026 | GF | 0 | DBM
DBM,Discrepancy,Procurement of Office Supplies,Goods,24 pcs. Ballpen LV 0.5 blue and black,Agency to Agency,No,January 2026,December 2026,Jan. - Dec. 2026,GF,0,,,Procurement of Office Supplies,Goods,24 pcs. Ballpen LV 0.5 blue and black updated,Agency to Agency updated,No,January 2026 updated,December 2026 updated,Jan. - Dec. 2026 updated,GF updated,0,,,Procurement of Office Supplies | Goods | 24 pcs. Ballpen LV 0.5 blue and black | Agency to Agency | No | January 2026 | December 2026 | Jan. - Dec. 2026 | GF | 0 | DBM,Procurement of Office Supplies | Goods | 24 pcs. Ballpen LV 0.5 blue and black updated | Agency to Agency updated | No | January 2026 updated | December 2026 updated | Jan. - Dec. 2026 updated | GF updated | 0 | DBM | Procurement of Office Supplies | Goods | 24 pcs. Ballpen LV 0.5 blue and black | Agency to Agency | No | January 2026 | December 2026 | Jan. - Dec. 2026 | GF | 0 | DBM
DBM,Discrepancy,Procurement of Office Supplies,Goods,30 btls. Ink 003 black,Agency to Agency,No,January 2026,December 2026,Jan. - Dec. 2026,GF,0,,,Procurement of Office Supplies,Goods,30 btls. Ink 003 black updated,Agency to Agency,No,January 2026,December 2026,Jan. - Dec. 2026,GF updated,0,,,Procurement of Office Supplies | Goods | 30 btls. Ink 003 black | Agency to Agency | No | January 2026 | December 2026 | Jan. - Dec. 2026 | GF | 0 | DBM,Procurement of Office Supplies | Goods | 30 btls. Ink 003 black updated | Agency to Agency | No | January 2026 | December 2026 | Jan. - Dec. 2026 | GF updated | 0 | DBM | Procurement of Office Supplies | Goods | 30 btls. Ink 003 black | Agency to Agency | No | January 2026 | December 2026 | Jan. - Dec. 2026 | GF | 0 | DBM
DBM,OK,Procurement of Office Supplies,Goods,10 btls. Ink 003 cyan,Agency to Agency,No,January 2026,December 2026,Jan. - Dec. 2026,GF,0,,,Procurement of Office Supplies,Goods,10 btls. Ink 003 cyan,Agency to Agency,No,January 2026,December 2026,Jan. - Dec. 2026,GF,0,,,Procurement of Office Supplies | Goods | 10 btls. Ink 003 cyan | Agency to Agency | No | January 2026 | December 2026 | Jan. - Dec. 2026 | GF | 0 | DBM,Procurement of Office Supplies | Goods | 10 btls. Ink 003 cyan | Agency to Agency | No | January 2026 | December 2026 | Jan. - Dec. 2026 | GF | 0 | DBM | Procurement of Office Supplies | Goods | 10 btls. Ink 003 cyan | Agency to Agency | No | January 2026 | December 2026 | Jan. - Dec. 2026 | GF | 0 | DBM
DBM,Discrepancy,Procurement of Office Supplies,Goods,10 btls. Ink 003 magenta,Agency to Agency,No,January 2026,December 2026,Jan. - Dec. 2026,GF,0,,,Procurement of Office Supplies,Goods updated,10 btls. Ink 003 magenta updated,Agency to Agency updated,No updated,January 2026,December 2026,Jan. - Dec. 2026,GF,0,,,Procurement of Office Supplies | Goods | 10 btls. Ink 003 magenta | Agency to Agency | No | January 2026 | December 2026 | Jan. - Dec. 2026 | GF | 0 | DBM,Procurement of Office Supplies | Goods updated | 10 btls. Ink 003 magenta updated | Agency to Agency updated | No updated | January 2026 | December 2026 | Jan. - Dec. 2026 | GF | 0 | DBM | Procurement of Office Supplies | Goods | 10 btls. Ink 003 magenta | Agency to Agency | No | January 2026 | December 2026 | Jan. - Dec. 2026 | GF | 0 | DBM
DBM,OK,Procurement of Office Supplies,Goods,10 btls. Ink 003 yellow,Agency to Agency,No,January 2026,December 2026,Jan. - Dec. 2026,GF,0,,,Procurement of Office Supplies,Goods,10 btls. Ink 003 yellow,Agency to Agency,No,January 2026,December 2026,Jan. - Dec. 2026,GF,0,,,Procurement of Office Supplies | Goods | 10 btls. Ink 003 yellow | Agency to Agency | No | January 2026 | December 2026 | Jan. - Dec. 2026 | GF | 0 | DBM,Procurement of Office Supplies | Goods | 10 btls. Ink 003 yellow | Agency to Agency | No | January 2026 | December 2026 | Jan. - Dec. 2026 | GF | 0 | DBM | Procurement of Office Supplies | Goods | 10 btls. Ink 003 yellow | Agency to Agency | No | January 2026 | December 2026 | Jan. - Dec. 2026 | GF | 0 | DBM
DBM,Discrepancy,Procurement of Office Supplies,Goods,5 pcs. Logbook 300 pages,Agency to Agency,No,January 2026,December 2026,Jan. - Dec. 2026,GF,0,,,Procurement of Office Supplies,Goods updated,5 pcs. Logbook 300 pages updated,Agency to Agency updated,No updated,January 2026 updated,December 2026 updated,Jan. - Dec. 2026,GF updated,0,,,Procurement of Office Supplies | Goods | 5 pcs. Logbook 300 pages | Agency to Agency | No | January 2026 | December 2026 | Jan. - Dec. 2026 | GF | 0 | DBM,Procurement of Office Supplies | Goods updated | 5 pcs. Logbook 300 pages updated | Agency to Agency updated | No updated | January 2026 updated | December 2026 updated | Jan. - Dec. 2026 | GF updated | 0 | DBM | Procurement of Office Supplies | Goods | 5 pcs. Logbook 300 pages | Agency to Agency | No | January 2026 | December 2026 | Jan. - Dec. 2026 | GF | 0 | DBM
DBM,OK,Procurement of Office Supplies,Goods,2 rolls Scotch tape,Agency to Agency,No,January 2026,December 2026,Jan. - Dec. 2026,GF,0,,,Procurement of Office Supplies,Goods,2 rolls Scotch tape,Agency to Agency,No,January 2026,December 2026,Jan. - Dec. 2026,GF,0,,,Procurement of Office Supplies | Goods | 2 rolls Scotch tape | Agency to Agency | No | January 2026 | December 2026 | Jan. - Dec. 2026 | GF | 0 | DBM,Procurement of Office Supplies | Goods | 2 rolls Scotch tape | Agency to Agency | No | January 2026 | December 2026 | Jan. - Dec. 2026 | GF | 0 | DBM | Procurement of Office Supplies | Goods | 2 rolls Scotch tape | Agency to Agency | No | January 2026 | December 2026 | Jan. - Dec. 2026 | GF | 0 | DBM
NON-DBM,OK,Procurement of ICT Equipment,Goods,"2 units Laptop Computer, Intel i5, at least 8GB RAM, 512GB SSD, 15.6-inch display",Public Bidding,Yes,March 2026,May 2026,June 2026,GF,140000,,,Procurement of ICT Equipment,Goods,"2 units Laptop Computer, Intel i5, at least 8GB RAM, 512GB SSD, 15.6-inch display",Public Bidding,Yes,March 2026,May 2026,June 2026,GF,140000,,,"Procurement of ICT Equipment | Goods | 2 units Laptop Computer, Intel i5, at least 8GB RAM, 512GB SSD, 15.6-inch display | Public Bidding | Yes | March 2026 | May 2026 | June 2026 | GF | 140000 | NON-DBM","Procurement of ICT Equipment | Goods | 2 units Laptop Computer, Intel i5, at least 8GB RAM, 512GB SSD, 15.6-inch display | Public Bidding | Yes | March 2026 | May 2026 | June 2026 | GF | 140000 | NON-DBM | Procurement of ICT Equipment | Goods | 2 units Laptop Computer, Intel i5, at least 8GB RAM, 512GB SSD, 15.6-inch display | Public Bidding | Yes | March 2026 | May 2026 | June 2026 | GF | 140000 | NON-DBM"
NON-DBM,Discrepancy,Procurement of ICT Equipment,Goods,"1 unit LCD Projector, at least 3500 lumens, HDMI, VGA, USB support",Public Bidding,Yes,March 2026,May 2026,June 2026,GF,35000,,,Procurement of ICT Equipment,Goods updated,"1 unit LCD Projector, at least 3500 lumens, HDMI, VGA, USB support updated",Public Bidding updated,Yes updated,March 2026 updated,May 2026 updated,June 2026,GF,35000,,,"Procurement of ICT Equipment | Goods | 1 unit LCD Projector, at least 3500 lumens, HDMI, VGA, USB support | Public Bidding | Yes | March 2026 | May 2026 | June 2026 | GF | 35000 | NON-DBM","Procurement of ICT Equipment | Goods updated | 1 unit LCD Projector, at least 3500 lumens, HDMI, VGA, USB support updated | Public Bidding updated | Yes updated | March 2026 updated | May 2026 updated | June 2026 | GF | 35000 | NON-DBM | Procurement of ICT Equipment | Goods | 1 unit LCD Projector, at least 3500 lumens, HDMI, VGA, USB support | Public Bidding | Yes | March 2026 | May 2026 | June 2026 | GF | 35000 | NON-DBM"
NON-DBM,OK,Procurement of Office Equipment,Goods,"2 units Multifunction Printer, wireless, print scan copy",Shopping,No,February 2026,March 2026,April 2026,GF,41000,,,Procurement of Office Equipment,Goods,"2 units Multifunction Printer, wireless, print scan copy",Shopping,No,February 2026,March 2026,April 2026,GF,41000,,,"Procurement of Office Equipment | Goods | 2 units Multifunction Printer, wireless, print scan copy | Shopping | No | February 2026 | March 2026 | April 2026 | GF | 41000 | NON-DBM","Procurement of Office Equipment | Goods | 2 units Multifunction Printer, wireless, print scan copy | Shopping | No | February 2026 | March 2026 | April 2026 | GF | 41000 | NON-DBM | Procurement of Office Equipment | Goods | 2 units Multifunction Printer, wireless, print scan copy | Shopping | No | February 2026 | March 2026 | April 2026 | GF | 41000 | NON-DBM"
NON-DBM,Discrepancy,Procurement of Furniture and Fixtures,Goods,"10 units Office Chair, ergonomic, mesh back, adjustable height",Shopping,No,January 2026,February 2026,February 2026,GF,28000,,,Procurement of Furniture and Fixtures,Goods updated,"10 units Office Chair, ergonomic, mesh back, adjustable height",Shopping updated,No,January 2026,February 2026 updated,February 2026 updated,GF,28002,,,"Procurement of Furniture and Fixtures | Goods | 10 units Office Chair, ergonomic, mesh back, adjustable height | Shopping | No | January 2026 | February 2026 | February 2026 | GF | 28000 | NON-DBM","Procurement of Furniture and Fixtures | Goods updated | 10 units Office Chair, ergonomic, mesh back, adjustable height | Shopping updated | No | January 2026 | February 2026 updated | February 2026 updated | GF | 28002 | NON-DBM | Procurement of Furniture and Fixtures | Goods | 10 units Office Chair, ergonomic, mesh back, adjustable height | Shopping | No | January 2026 | February 2026 | February 2026 | GF | 28000 | NON-DBM"
NON-DBM,Discrepancy,Procurement of Air Conditioning Unit,Goods,"1 unit Air Conditioner, split type, inverter, at least 1.5 HP",Public Bidding,Yes,April 2026,May 2026,June 2026,GF,45000,,,Procurement of Air Conditioning Unit,Goods,"1 unit Air Conditioner, split type, inverter, at least 1.5 HP updated",Public Bidding updated,Yes updated,April 2026 updated,May 2026,June 2026 updated,GF,45000,,,"Procurement of Air Conditioning Unit | Goods | 1 unit Air Conditioner, split type, inverter, at least 1.5 HP | Public Bidding | Yes | April 2026 | May 2026 | June 2026 | GF | 45000 | NON-DBM","Procurement of Air Conditioning Unit | Goods | 1 unit Air Conditioner, split type, inverter, at least 1.5 HP updated | Public Bidding updated | Yes updated | April 2026 updated | May 2026 | June 2026 updated | GF | 45000 | NON-DBM | Procurement of Air Conditioning Unit | Goods | 1 unit Air Conditioner, split type, inverter, at least 1.5 HP | Public Bidding | Yes | April 2026 | May 2026 | June 2026 | GF | 45000 | NON-DBM"
LIB,OK,Training and Development,Services,Procurement seminar registration fee for 10 staff,Direct Contracting,No,July 2026,July 2026,July 2026,GF,30000,,,Training and Development,Services,Procurement seminar registration fee for 10 staff,Direct Contracting,No,July 2026,July 2026,July 2026,GF,30000,,,Training and Development | Services | Procurement seminar registration fee for 10 staff | Direct Contracting | No | July 2026 | July 2026 | July 2026 | GF | 30000 | LIB,Training and Development | Services | Procurement seminar registration fee for 10 staff | Direct Contracting | No | July 2026 | July 2026 | July 2026 | GF | 30000 | LIB | Training and Development | Services | Procurement seminar registration fee for 10 staff | Direct Contracting | No | July 2026 | July 2026 | July 2026 | GF | 30000 | LIB
LIB,OK,Travel Expenses,Services,"Transportation, meals, and incidental expenses for official travel",Direct Contracting,No,August 2026,August 2026,August 2026,GF,20000,,,Travel Expenses,Services,"Transportation, meals, and incidental expenses for official travel",Direct Contracting,No,August 2026,August 2026,August 2026,GF,20000,,,"Travel Expenses | Services | Transportation, meals, and incidental expenses for official travel | Direct Contracting | No | August 2026 | August 2026 | August 2026 | GF | 20000 | LIB","Travel Expenses | Services | Transportation, meals, and incidental expenses for official travel | Direct Contracting | No | August 2026 | August 2026 | August 2026 | GF | 20000 | LIB | Travel Expenses | Services | Transportation, meals, and incidental expenses for official travel | Direct Contracting | No | August 2026 | August 2026 | August 2026 | GF | 20000 | LIB"
LIB,Discrepancy,Wages,Services,Payment for temporary workers for municipal activity support,Direct Contracting,No,September 2026,September 2026,September 2026,GF,45000,,,Wages,Services updated,Payment for temporary workers for municipal activity support,Direct Contracting updated,No,September 2026,September 2026 updated,September 2026,GF,45004,,,Wages | Services | Payment for temporary workers for municipal activity support | Direct Contracting | No | September 2026 | September 2026 | September 2026 | GF | 45000 | LIB,Wages | Services updated | Payment for temporary workers for municipal activity support | Direct Contracting updated | No | September 2026 | September 2026 updated | September 2026 | GF | 45004 | LIB | Wages | Services | Payment for temporary workers for municipal activity support | Direct Contracting | No | September 2026 | September 2026 | September 2026 | GF | 45000 | LIB
LIB,OK,Allowance,Services,Participant allowance for training and workshop activity,Direct Contracting,No,October 2026,October 2026,October 2026,GF,25000,,,Allowance,Services,Participant allowance for training and workshop activity,Direct Contracting,No,October 2026,October 2026,October 2026,GF,25000,,,Allowance | Services | Participant allowance for training and workshop activity | Direct Contracting | No | October 2026 | October 2026 | October 2026 | GF | 25000 | LIB,Allowance | Services | Participant allowance for training and workshop activity | Direct Contracting | No | October 2026 | October 2026 | October 2026 | GF | 25000 | LIB | Allowance | Services | Participant allowance for training and workshop activity | Direct Contracting | No | October 2026 | October 2026 | October 2026 | GF | 25000 | LIB
LIB,Discrepancy,Meals and Snacks,Services,Meals and snacks for 50 participants during official activity,Direct Contracting,No,November 2026,November 2026,November 2026,GF,15000,,,Meals and Snacks,Services,Meals and snacks for 50 participants during official activity,Direct Contracting updated,No,November 2026 updated,November 2026 updated,November 2026 updated,GF updated,15003,,,Meals and Snacks | Services | Meals and snacks for 50 participants during official activity | Direct Contracting | No | November 2026 | November 2026 | November 2026 | GF | 15000 | LIB,Meals and Snacks | Services | Meals and snacks for 50 participants during official activity | Direct Contracting updated | No | November 2026 updated | November 2026 updated | November 2026 updated | GF updated | 15003 | LIB | Meals and Snacks | Services | Meals and snacks for 50 participants during official activity | Direct Contracting | No | November 2026 | November 2026 | November 2026 | GF | 15000 | LIB
